,Word,Word_Count,Video_Count
5,Stop Words,1173,30
119,HAVE,77,24
73,ABOUT,70,17
427,INTERVIEW,41,4
52,BECAUSE,34,18
84,LIKE,33,17
583,REALLY,32,10
220,MORE,30,16
242,GOING,29,10
135,MAKE,29,14
100,PEOPLE,29,10
448,SAY,28,9
198,WANT,28,11
316,ALSO,28,14
1136,ENGLISH,27,11
432,KNOW,26,15
317,VERY,26,14
209,ALL,25,12
92,WE,25,11
266,ONE,25,12
425,JUST,25,7
407,TALK,24,9
271,GIVE,24,11
208,JOB,24,8
351,WELL,23,10
315,PERSON,23,9
597,SOMETHING,21,4
536,START,20,5
132,GET,20,12
38,GOOD,19,12
270,TIME,19,9
334,HELP,19,10
23,YEARS,19,14
508,SURE,18,6
531,THINGS,18,7
3,NAME,18,16
373,TEACHING,18,9
603,SKILLS,17,8
304,SCHOOL,17,7
394,FIRST,17,9
530,PRESENTATION,17,5
207,LOVE,17,10
386,THANK,17,12
355,MOST,17,9
120,BEEN,17,12
1127,STUDENTS,17,7
96,SEE,17,12
206,WORK,17,9
139,THERE,17,9
204,YOURSELF,16,8
331,WOULD,16,7
798,FEEL,16,4
751,ABLE,16,6
149,UP,16,11
195,PART,16,6
20,THREE,16,10
697,NEXT,15,5
492,TALKING,15,6
655,LEARN,15,10
15,I'VE,15,12
471,THEM,15,8
33,VIDEO,15,9
706,THINK,14,6
53,HERE,14,8
429,ANSWER,14,4
64,THAT'S,13,7
1197,CLASS,13,7
286,RIGHT,13,7
234,SOME,13,10
499,TEACH,13,6
543,NUMBER,13,4
405,INTRODUCTION,13,4
498,[MUSIC],13,7
447,ALWAYS,13,10
570,LOT,13,8
828,COMMUNICATION,12,2
86,US,12,5
482,SITUATION,12,4
413,ROLE,12,3
191,WAY,12,9
513,NEW,12,5
437,QUESTION,11,3
290,LITTLE,11,6
505,ANY,11,6
484,USE,11,5
352,TWO,11,9
424,IMPORTANT,11,7
272,OFF,11,5
93,VACCINATED,11,1
851,CONVERSATION,11,4
82,OTHER,11,4
589,SAYING,10,5
1,HI,10,10
767,YOU'LL,10,5
878,WORDS,10,5
538,TELL,10,5
518,MANY,10,6
1185,HOPE,10,5
292,I'LL,10,6
295,HOBBIES,10,7
525,MUCH,10,7
446,EXAMPLE,9,4
911,STORY,9,2
99,STORIES,9,3
199,LIFE,9,8
261,BUSINESS,9,6
370,TEACHER,9,8
1008,LEARNING,9,7
435,DON'T,9,5
43,TODAY,9,5
124,DIFFERENT,9,6
389,INTRODUCE,9,5
617,GO,9,5
338,SERVICE,8,3
500,DURING,8,1
831,GROUP,8,5
50,HAS,8,6
278,HELLO,8,8
306,UNIVERSITY,8,7
276,TAKE,8,5
539,FOUR,8,2
689,5,8,3
246,SHARE,8,6
1205,ONLINE,8,7
339,ONLY,8,7
734,MAYBE,8,5
230,ONCE,7,5
488,NEED,7,5
496,UNDERSTAND,7,5
823,ENJOY,7,5
676,WATCHING,7,7
32,USING,7,4
825,IMPROVE,7,4
297,FUTURE,7,4
503,COMING,7,4
433,INTERVIEWER,7,2
442,DOESN'T,7,4
241,WE'RE,7,3
950,MEETING,7,5
1266,CHALLENGING,7,3
1323,FUN,7,4
1196,EXPECT,7,2
203,THOSE,7,6
566,COME,7,6
467,MIGHT,7,4
308,SINCE,7,6
1022,COULD,7,3
349,HAD,7,5
838,BEING,7,3
1011,PRESENTATIONS,7,3
728,ACTUALLY,7,5
159,OUR,7,3
83,BEFORE,7,6
7,OLD,7,7
793,THAN,7,5
41,COMPANY,7,5
87,DID,6,5
1449,PRESENTATION.,6,2
649,PROFESSIONAL,6,4
493,FRIENDS,6,6
514,PLEASE,6,4
428,QUESTIONS,6,3
441,EVEN,6,5
535,GETTING,6,3
274,SHOULD,6,4
291,BIT,6,3
614,BRILLIANT,6,1
388,BEST,6,4
375,GOAL,6,5
21,CHINA,6,3
1009,BETTER,6,4
679,DAY,6,5
410,CAREER,6,4
399,FORMULA,6,3
417,DOING,6,5
501,YOU'VE,6,4
196,DONE,6,3
1028,ENGINEERING,6,2
228,SHOW,6,4
920,MOVIE,6,1
951,AHEAD,6,3
1002,AUDIENCE,6,3
1027,CURRENTLY,6,4
638,FIND,6,4
102,UNVACCINATED,6,1
460,SPEAKING,6,5
408,SECOND,6,4
0,EVERYONE,6,6
1061,WORD,6,4
302,WITHIN,6,2
1066,HARD,5,5
1067,LIVE,5,3
293,INTERESTS,5,3
91,WHILE,5,5
827,KEY,5,2
1338,DANCING,5,3
164,CARE,5,4
383,STUDENT,5,4
385,MYSELF,5,5
387,FINALLY,5,4
47,OWN,5,5
1427,EACH,5,4
40,WORKERS,5,2
122,FREE,5,3
947,PRACTICE,5,2
1139,LANGUAGE,5,4
526,OKAY,5,3
1189,MOM,5,1
618,GIVING,5,3
1228,INTERNET,5,4
183,MAKING,5,5
167,SOMEONE,5,4
545,FOCUS,5,3
223,TOGETHER,5,4
901,INTERESTING,5,4
613,TYPE,5,4
546,POSITIVE,5,3
390,INTERVIEWS,5,4
400,CALLED,5,5
401,OPPORTUNITY,5,5
365,HISTORY,5,3
714,MAY,5,3
737,LEVEL,5,5
94,READ,5,4
743,EXPECTATION,5,2
866,SETTING,5,1
616,HERE'S,5,4
336,INTERESTED,5,2
326,ANYTHING,5,4
723,THEY'LL,5,2
979,TRAINING,5,4
872,LISTENING,5,3
875,SPEAK,5,5
880,GONNA,5,3
896,ENGAGED,5,2
527,LET'S,5,5
517,HIT,5,2
1114,DEGREE,5,4
1316,FOOD,5,2
9,YEAR,5,3
88,PROVIDE,5,5
796,LET,4,3
1005,60,4,1
372,TEACHERS,4,3
363,MAJOR,4,4
380,POSITION,4,2
369,PLAN,4,3
1040,HOME,4,4
335,INTEREST,4,4
348,PASSION,4,3
606,EXPERIENCE,4,4
558,READING,4,4
568,PROFESSIONALLY,4,2
569,SAYS,4,1
876,THING,4,4
519,POSSIBLE,4,3
540,INCLUDE,4,2
264,LAST,4,4
287,RAISED,4,3
1183,PATIENT,4,4
252,ORDER,4,2
481,SET,4,4
444,SPECIFIC,4,3
445,TRY,4,3
1110,LIVING,4,3
533,ESSENTIAL,4,1
495,ENOUGH,4,3
510,PASS,4,2
515,BUTTON,4,1
1155,LOOK,4,3
393,GREAT,4,4
989,BOTH,4,4
1190,CLASSMATES,4,3
490,EVERY,4,4
544,TIP,4,2
414,RELATE,4,2
644,MEANS,4,3
621,CONFIDENT,4,3
459,COURSE,4,3
962,WON'T,4,4
1144,SPEAKERS,4,3
1367,COLLEGE,4,4
116,FIVE,4,4
110,FACT,4,2
111,HAVING,4,4
113,SUCCESSFUL,4,3
202,PERSONAL,4,4
219,REQUIRE,4,1
214,DEPARTMENT,4,2
637,WAYS,4,4
867,STEP,4,1
847,TOPIC,4,3
592,DOWN,4,3
586,MEET,4,4
97,HEAR,4,3
516,SUBSCRIBE,4,3
255,FEDERAL,4,1
1019,PLACE,4,2
729,TRULY,4,3
669,COMES,4,4
826,STEPS,4,1
350,COMMUNITY,4,2
301,HIGH,4,2
310,SPORTS,4,4
663,THROUGH,4,2
130,AMERICANS,4,1
117,ALMOST,4,4
1459,SENTENCE,4,1
77,AMERICA,4,2
65,WORLD,4,4
63,LOOKING,4,3
17,PAST,4,4
654,EXACTLY,4,4
143,WORKING,4,4
1674,OPEN,3,1
709,"QUESTION,",3,1
46,POWER,3,2
724,LIKELY,3,2
328,END,3,2
327,REACH,3,2
344,SENIOR,3,3
1588,BHOPAL,3,1
1033,DECIDED,3,3
1029,MECHANICAL,3,1
1660,CHOOSE,3,1
725,CONSIDER,3,2
701,MANAGER,3,1
707,WORKS,3,2
860,EASILY,3,3
68,TOO,3,2
62,MISSION,3,2
18,AFTER,3,3
121,80,3,1
115,PROGRAM,3,3
103,OVER,3,2
1394,FRIENDLY,3,3
839,PROFESSIONALS,3,1
402,MINUTE,3,2
1012,VIDEOS,3,1
998,VIEW,3,3
627,PROBLEM,3,3
829,WHETHER,3,1
409,PARTS,3,3
811,LAND,3,3
641,IMPROVING,3,2
642,CUSTOMER,3,2
822,HEY,3,2
1366,TOOK,3,3
1358,CERTIFICATE,3,3
106,WEEKS,3,3
107,PANDEMIC,3,2
1373,LEVELS,3,2
1378,JANE,3,1
1365,PHILIPPINES,3,3
1315,BEVERAGE,3,1
1290,BORN,3,3
1342,LANGUAGES,3,2
431,KIND,3,3
1106,SOUTH,3,2
378,OTHERS,3,3
362,LASTLY,3,3
1024,STUDYING,3,2
1083,DANCE,3,2
419,BIG,3,3
367,BECOMING,3,2
585,MANNERS,3,1
897,COMFORTABLE,3,3
869,LISTEN,3,2
870,INTENTLY,3,1
574,DOES,3,2
567,DRESS,3,1
553,SHOWS,3,2
579,HIRE,3,1
565,WHAT'S,3,2
534,TIPS,3,3
181,REFER,3,2
187,CANNOT,3,3
564,MAKES,3,3
549,MINUTES,3,2
1236,AGAIN,3,3
1222,PREPARE,3,2
1194,BACHELOR,3,3
537,FLYING,3,1
520,FORGET,3,1
1232,EXCITED,3,2
927,MADE,3,3
1199,EASY,3,3
205,AROUND,3,3
910,HEARD,3,3
914,POINT,3,2
454,TRUE,3,2
455,MEAN,3,2
958,COMMUNICATE,3,2
1154,FORWARD,3,3
977,WE'LL,3,3
476,TYPES,3,3
462,TIMES,3,3
1122,MANAGEMENT,3,3
993,IMPORTANTLY,3,3
983,KNOWING,3,3
1095,HAPPY,3,3
319,SENSE,3,2
268,DIFFICULT,3,3
502,GOT,3,3
480,RESULTS,3,2
249,ACROSS,3,3
251,EXECUTIVE,3,1
259,SAME,3,3
233,COMPANIES,3,3
1187,MORNING,3,2
1134,SCIENCE,3,3
1132,TAUGHT,3,3
240,ALREADY,3,3
314,BECOME,3,2
1081,UM,3,1
666,FULL,3,3
657,LINK,3,3
323,AGE,3,3
309,SIX,3,3
313,HELPED,3,2
761,2,3,2
118,MONTHS,3,3
57,SMART,3,3
26,SOCIAL,3,2
803,10,3,3
774,REASON,3,3
1430,MOVIES,3,3
1423,CLASSES,3,2
1428,PERCENT,3,2
85,COUNTRIES,3,3
1450,SLIDES,3,2
700,YEARS.,3,1
1534,KOREAN,3,2
1712,SECTION,2,1
1537,ESPECIALLY,2,1
1530,ESL,2,2
1509,"ABOUT,",2,2
1495,HAPPENED,2,1
1497,YOU.,2,2
1487,LIKE:,2,1
1489,YESTERDAY,2,1
1407,ENVIRONMENT,2,2
1397,BYE,2,2
1393,-,2,2
1381,GRADUATE,2,2
852,UNNATURAL,2,1
840,OFFERS,2,2
841,DREAM,2,2
104,FEW,2,2
830,WHOLE,2,2
420,LEAD,2,2
411,RELEVANT,2,2
392,SELF-INTRODUCTION,2,2
395,IMPRESSION,2,2
396,EXCELLENT,2,2
991,INCLUDING,2,2
1007,CARL,2,1
834,EASE,2,1
824,TODAY'S,2,2
818,THUMBS,2,2
810,TRICKS,2,2
671,GUIDE,2,2
1354,ARTS,2,2
623,FAST,2,2
615,SCRIPT,2,1
1352,FINISHED,2,2
108,DESPITE,2,1
90,VACCINES,2,1
80,SPREAD,2,1
74,BACK,2,1
75,BEGAN,2,2
1445,FASHION,2,2
832,NATURAL,2,1
217,RULE,2,2
218,EMPLOYERS,2,1
1099,K-POP,2,2
320,BRING,2,2
965,ONE-ON-ONE,2,1
277,LOVED,2,2
275,PAY,2,2
1119,PURSUING,2,2
248,WORKFORCE,2,1
260,GOVERNMENT,2,1
245,19,2,2
908,HUMAN,2,2
511,QUICKLY,2,1
512,CHANNEL,2,2
507,STAY,2,2
216,DEVELOPING,2,2
231,LEAST,2,2
1181,LOTS,2,2
1186,SOON,2,2
1175,CULTURES,2,2
434,ANSWERS,2,2
422,GOALS,2,2
423,REVIEW,2,1
483,SENTENCES,2,2
1086,SONGS,2,1
1058,HUNDRED,2,2
1051,60-SECOND,2,1
1052,OBJECTIVE,2,2
1142,NATIVE,2,2
285,TENNESSEE,2,1
473,ANSWERING,2,2
237,LINE,2,2
934,GUY,2,1
936,SEEING,2,2
938,TAKING,2,2
928,ACTION,2,1
931,DEALING,2,1
922,BREAK,2,2
1198,RESEARCH,2,1
1193,GRACE,2,2
257,ANOTHER,2,2
915,GUYS,2,2
1195,ADMINISTRATION,2,2
221,100,2,1
222,EMPLOYEES,2,1
225,ENSURE,2,2
215,LABOR,2,1
941,THIRD,2,2
461,THERE'S,2,2
464,BASED,2,2
963,SUCCEED,2,2
1172,IDEAS,2,2
1162,VIETNAM,2,2
211,PROTECT,2,1
212,TONIGHT,2,1
254,BRANCH,2,2
1121,RESOURCES,2,2
1109,GRADUATED,2,2
1112,BACHELOR'S,2,2
992,GOOGLE,2,2
987,SMALL,2,2
988,OPPORTUNITIES,2,2
973,POTENTIAL,2,2
288,KNOXVILLE,2,1
609,ACHIEVEMENTS,2,2
578,THEREFORE,2,2
571,INTENTIONS,2,1
560,RELAXED,2,2
561,GETS,2,2
563,PREPARED,2,2
877,BEYOND,2,1
881,MOUTHS,2,1
485,OBSTACLE,2,1
489,RESOLVE,2,2
188,ACTIONS,2,2
175,MINORITY,2,1
551,VENUE,2,1
556,DESCRIPTION,2,1
607,POSSESS,2,1
608,QUALIFICATIONS,2,1
179,KEEPING,2,2
1275,BASICALLY,2,2
1267,EXCITING,2,2
1268,JOURNEY,2,1
1245,CONSIDERABLE,2,1
1246,REGARDS,2,1
1248,CONTINUE,2,2
497,CAME,2,2
528,STRAIGHT,2,2
521,SUBSCRIBED,2,1
1238,HER,2,2
1229,CONNECTION,2,2
1226,COUNTRY,2,2
1215,SUBJECT,2,2
1206,POWERPOINT,2,2
178,CORNER,2,2
379,PRINCIPAL,2,1
368,SECONDARY,2,2
359,GIVEN,2,2
1023,FRONT,2,2
1006,KWAN,2,1
1082,HMONG,2,1
1069,SECONDS,2,1
1072,LESS,2,2
861,EVENT,2,1
1307,JOINED,2,2
1295,22,2,2
1288,FAMILY,2,2
999,TALKED,2,1
1004,SELF,2,1
415,EXPLAIN,2,1
418,ACHIEVEMENT,2,2
887,WAIT,2,2
888,TRYING,2,1
599,WHENEVER,2,2
602,QUALITIES,2,1
604,MATCH,2,2
590,CHAIR,2,1
591,SIT,2,2
582,DEMONSTRATE,2,1
882,ADD,2,2
874,YES,2,2
573,HAVEN'T,2,2
522,CREATE,2,1
523,MOTIVATES,2,1
524,CONTENT,2,1
895,AUTOMATICALLY,2,2
900,PHRASES,2,1
163,EMERGENCY,2,1
145,COVET,2,1
147,INSTEAD,2,2
148,ENCOURAGING,2,2
137,OFFICIALS,2,1
138,ELECTED,2,1
1368,PURSUE,2,2
1359,TESOL,2,2
1336,MUSIC,2,2
1339,BOOKS,2,2
1330,PRADESH,2,2
1309,LEARNED,2,2
1302,HOTEL,2,1
1303,GPA,2,1
610,SIGNIFICANT,2,1
612,FAR,2,2
438,NEVER,2,2
439,SIMPLE,2,2
1107,CITIZEN,2,2
1108,HOUSTON,2,1
192,PROTECTING,2,1
193,LARGE,2,2
194,MAJORITY,2,2
598,INTRODUCING,2,1
1075,HELPFUL,2,2
1062,150,2,2
377,HELPING,2,2
971,FILL,2,2
449,ANYONE,2,2
450,WHEREVER,2,2
451,ORGANIZED,2,2
452,PROJECT,2,2
730,"YEARS,",2,1
1612,IOT,2,1
51,TECHNOLOGY,2,2
711,ASKING,2,2
1698,HERE.,2,1
1684,TODAY.,2,1
1671,PRESENT.,2,1
1481,BEGIN,2,1
34,TEAM,2,2
342,THROUGHOUT,2,2
1579,AMAZING,2,2
347,INVOLVED,2,1
337,CLUBS,2,1
1596,STANDARD,2,1
1592,SECURED,2,1
332,RESULT,2,2
6,AMERICAN,2,2
1710,"VIDEO,",2,1
703,STRUGGLE,2,2
1039,CLASSROOM,2,2
1558,BASIC,2,2
1566,GROW,2,2
321,YOUNG,2,2
322,SELFLESSNESS,2,1
865,CONNECTIONS,2,2
868,THINKING,2,1
854,ANYWHERE,2,2
856,WRONG,2,2
857,COMMUNICATING,2,1
859,NETWORKING,2,1
849,DISCUSSION,2,2
1668,AUDIENCE.,2,1
748,SIDE,2,2
662,WEBSITE,2,2
665,DOWNLOAD,2,2
656,TOUGH,2,1
659,TOP,2,2
801,RESUME,2,1
294,BACKGROUND,2,2
296,PLANS,2,1
89,STRONG,2,2
708,TITLE,2,2
695,WITHOUT,2,2
28,MOBILE,2,2
792,SIMPLY,2,2
768,STRUCTURE,2,2
770,IS:,2,1
755,AMBITIOUS,2,2
683,LINDA,2,2
738,HIGHER,2,2
740,SOMETIMES,2,2
1452,SHOWING,2,2
1439,BASKETBALL,2,2
1419,KIDS,2,1
128,MILLION,2,1
661,HEAD,2,2
1483,UPON,2,1
699,DIRECTOR,2,1
686,SPEAKER,2,2
687,"NOW?""",2,1
688,"""WHERE",2,1
691,PUTTING,2,2
680,LINDARAYNIER.COM,2,2
681,RAYNIER,2,2
1719,ONE.,1,1
8,ATLANTA,1,1
10,26,1,1
11,BAY,1,1
12,GEORGIA,1,1
13,RECENTLY,1,1
14,ARRIVED,1,1
16,SPENDING,1,1
19,AREA,1,1
22,HALF,1,1
24,2012,1,1
25,CO-FOUNDED,1,1
27,AWARD-WINNING,1,1
29,WEB,1,1
30,ENTERPRISE,1,1
31,SCRATCH,1,1
35,PLACED,1,1
36,HUNDREDS,1,1
1669,MATTER,1,1
1670,HOURS,1,1
1672,RESPECT,1,1
1673,"NOW,",1,1
1675,STRENGTHS,1,1
1676,TALENTS?,1,1
1677,DISCOVERING,1,1
1678,DIVE,1,1
1679,"MYSELF,",1,1
1680,HELLO.,1,1
1681,"HELLO,",1,1
1682,SUPER,1,1
1683,"HERE,",1,1
1646,DRAMAS,1,1
1647,MASTER,1,1
1648,PRIZES,1,1
1649,STRENGTH,1,1
1650,MISTAKES,1,1
1651,WEAKNESS,1,1
1652,TRUST,1,1
1653,SHORT-TERM,1,1
1638,CLONE,1,1
1639,DAYTON,1,1
1640,MATERIAL,1,1
1641,CSS,1,1
1642,HTML,1,1
1643,PARTICIPATED,1,1
1644,EVENTS,1,1
1645,POSTER,1,1
56,RISK-TAKING,1,1
58,VALUES,1,1
59,RUTHLESS,1,1
60,EFFICIENCY,1,1
61,INNOVATION,1,1
66,INSPIRED,1,1
67,CHANGE,1,1
1637,DRIVE,1,1
39,JOBS,1,1
42,SELF-SUSTAINING,1,1
44,EYES,1,1
45,SAW,1,1
48,IMPACT,1,1
49,ACCELERATE,1,1
54,SILICON,1,1
55,VALLEY,1,1
753,STEPPING,1,1
754,STONE,1,1
756,OVERLY,1,1
757,LEVEL.,1,1
758,"ASKED,",1,1
759,ANSWERED.,1,1
760,MAGIC,1,1
762,"EXAMPLE,",1,1
742,"TITLE,",1,1
744,SOUND,1,1
745,PROMOTED,1,1
746,X,1,1
747,CAUTION,1,1
749,"FURTHER,",1,1
750,ERR,1,1
752,WANT.,1,1
693,INTERVIEWER.,1,1
694,CLOSER,1,1
696,HINT.,1,1
698,INVOLVE,1,1
702,"ATTENTION,",1,1
704,SECRET,1,1
705,INDUSTRY.,1,1
741,"2,",1,1
739,"3,",1,1
677,WISH,1,1
678,PASSING,1,1
682,"HI,",1,1
684,COACH.,1,1
685,"STRATEGIST,",1,1
690,OFFER,1,1
692,LANDING,1,1
791,VALUE.,1,1
794,"THE,",1,1
795,2-PART,1,1
797,GOES.,1,1
799,"IT,",1,1
800,PLACE?,1,1
802,CHEAT,1,1
804,ULTIMATE,1,1
783,"DO""",1,1
784,"BE""",1,1
785,EAGER,1,1
786,JOB.,1,1
787,"SECONDLY,",1,1
788,ONLY.,1,1
789,"ROLE,",1,1
790,FOCUSED,1,1
775,"FIRSTLY,",1,1
776,"ACHIEVE,",1,1
777,TITLES,1,1
778,INTERVIEWERS.,1,1
779,PUT,1,1
780,"""WHO",1,1
781,"INSTEAD,",1,1
782,"""WHAT",1,1
763,USED,1,1
764,ACCOUNTING,1,1
765,EXAMPLE.,1,1
766,ALONG.,1,1
769,"SO,",1,1
771,1,1,1
772,1.,1,1
773,GENERAL.,1,1
813,LOCATED,1,1
814,LIKED,1,1
815,"UP,",1,1
816,FRIENDS.,1,1
817,"SUBSCRIBE,",1,1
819,VIDEO!,1,1
820,GUIDING,1,1
821,PROFESSIONALS!,1,1
674,CANDIDATE,1,1
675,STANDOUT,1,1
805,COPY,1,1
806,HACKS,1,1
807,SHEET,1,1
808,OFFERS.,1,1
809,BELOW,1,1
812,IDEALLY,1,1
658,CLICK,1,1
660,HAND,1,1
664,PASSMYINTERVIEW.COM,1,1
667,21,1,1
668,RESOURCE,1,1
670,PDF,1,1
672,INBOX,1,1
673,PROMISE,1,1
645,ACT,1,1
646,MODEL,1,1
647,ONGOING,1,1
648,RESPONSIBILITY,1,1
650,DEVELOPMENT,1,1
651,BELIEVE,1,1
652,INVESTMENT,1,1
653,RETURN,1,1
844,CORPORATE,1,1
845,COMMON,1,1
846,CAREERS,1,1
848,ADVANCE,1,1
850,FORCED,1,1
853,STRUGGLING,1,1
855,HOLD,1,1
858,HAPPEN,1,1
635,PRAISED,1,1
636,SUPERVISOR,1,1
639,SALES,1,1
640,INCREASE,1,1
643,STANDARDS,1,1
837,STRATEGIST,1,1
842,DETAILS,1,1
843,DEFINITELY,1,1
626,SOLVING,1,1
628,CAPABILITIES,1,1
629,MANAGE,1,1
630,WORKLOAD,1,1
631,IMPRESSIVE,1,1
632,TRACK,1,1
633,RECORD,1,1
634,PREVIOUS,1,1
833,CONFIDENCE,1,1
835,HONOUR,1,1
836,NUMEROUS,1,1
619,INTERVIEWED,1,1
620,STUDIED,1,1
622,NEEDED,1,1
624,EXCEL,1,1
625,LEARNER,1,1
576,CAN'T,1,1
577,BOTHERED,1,1
580,AWFUL,1,1
871,ASSUME,1,1
873,ABILITY,1,1
879,VALUE,1,1
883,SURFACE,1,1
884,EARS,1,1
552,STARTS,1,1
554,PUNCTUAL,1,1
555,ARRIVE,1,1
557,RE-READ,1,1
559,DOCUMENTS,1,1
562,COMPOSED,1,1
572,DRESSED,1,1
575,TELLS,1,1
594,INVITED,1,1
595,SAT,1,1
596,WELCOME,1,1
600,FOLLOWING,1,1
601,NOTES,1,1
605,APPLYING,1,1
611,GAINED,1,1
550,20,1,1
862,AWKWARD,1,1
863,STRANGERS,1,1
864,DEVELOP,1,1
581,POSTURE,1,1
584,SMILE,1,1
587,RICHARD,1,1
588,DEMONSTRATES,1,1
593,UNTIL,1,1
903,ENERGY,1,1
904,ETC,1,1
905,VALIDATE,1,1
906,VALIDATED,1,1
907,BEINGS,1,1
909,CONNECTED,1,1
912,RELATES,1,1
913,OBVIOUSLY,1,1
486,APPS,1,1
487,OVERCOME,1,1
491,DETAIL,1,1
494,ESSENTIALS,1,1
504,ORGANIZATION,1,1
506,WHATSOEVER,1,1
509,TUNED,1,1
902,STARTING,1,1
898,RESPOND,1,1
899,COMMUNICATOR,1,1
529,TUTORIAL,1,1
532,COVER,1,1
541,MUST,1,1
542,SCRIPTED,1,1
547,CREATING,1,1
548,ARRIVING,1,1
885,HEARING,1,1
886,FEELING,1,1
889,EXPRESS,1,1
890,INTUITION,1,1
891,EXERCISE,1,1
892,EXTENDING,1,1
893,ATTENTION,1,1
894,PAYING,1,1
952,WOULDN'T,1,1
953,WALK,1,1
954,UNPREPARED,1,1
955,FLY,1,1
956,SETTINGS,1,1
957,HURT,1,1
959,NATURALLY,1,1
960,FLUID,1,1
940,SHORTEST,1,1
942,LENGTH,1,1
943,CONCLUSION,1,1
944,HAPPENING,1,1
945,ENDED,1,1
946,PROVE,1,1
948,SEEM,1,1
949,OVERLOOK,1,1
926,STANDS,1,1
929,CHARACTERS,1,1
930,SITUATIONS,1,1
932,ISSUES,1,1
933,FIGHTS,1,1
935,BAD,1,1
937,GIRL,1,1
939,INITIAL,1,1
916,DISCUSSING,1,1
917,RELATION,1,1
918,PATTERN,1,1
919,FOLLOWS,1,1
921,WATCHED,1,1
923,SAR,1,1
924,ACRONYM,1,1
925,CALL,1,1
966,INDIVIDUAL,1,1
967,SEARCHING,1,1
968,WHO'S,1,1
969,REALIZE,1,1
970,LINDARAYNIER.COM/STANDOUTGETHIRED,1,1
972,PAGE,1,1
974,FEELS,1,1
975,APPLICATION,1,1
478,LISTING,1,1
479,SITUATION'S,1,1
421,ACHIEVING,1,1
426,CRITICAL,1,1
430,PROPERLY,1,1
436,DIGS,1,1
440,YES-OR-NO,1,1
443,ASK,1,1
466,NEGOTIATION,1,1
468,CLIENT,1,1
469,TURN,1,1
470,PERSUADE,1,1
472,AGREE,1,1
474,CORRECTLY,1,1
475,CONCISELY,1,1
477,CORRECT,1,1
961,FLUENT,1,1
964,PRACTICING,1,1
453,UNDER,1,1
456,NECESSARILY,1,1
457,ATTRIBUTES,1,1
458,EXEMPLIFIES,1,1
463,ASKED,1,1
465,BEHAVIORAL,1,1
1010,Z',1,1
1013,MULTIMEDIA,1,1
1014,MARKETING,1,1
1015,AGENCY,1,1
1016,ICON,1,1
1017,BELL,1,1
1018,SIXTY,1,1
1020,MEETINGS,1,1
404,SPLIT,1,1
406,TWENTY,1,1
412,EDUCATIONAL,1,1
416,CURRENT,1,1
997,PATHS,1,1
1000,IMPORTANCE,1,1
1001,RELATING,1,1
1003,SPECIFICALLY,1,1
990,ONES,1,1
994,FACEBOOK,1,1
995,ONTO,1,1
996,GOTTEN,1,1
391,CHANCE,1,1
397,DEVELOPED,1,1
398,ACE,1,1
403,TWENTIES,1,1
976,FORM,1,1
978,DIRECTLY,1,1
980,POWERFUL,1,1
981,SKILL,1,1
982,SELL,1,1
984,STRATEGIES,1,1
985,FIGURE,1,1
986,CLIENTS,1,1
1042,LED,1,1
1043,DESIGN,1,1
1044,PERSPECTIVE,1,1
1045,ENGINEERS,1,1
1046,SPARK,1,1
1047,CURIOSITY,1,1
1048,ENGINEER,1,1
1049,WRAP,1,1
1031,SPECIALIZE,1,1
1032,STUDY,1,1
1034,CHILD,1,1
1035,TINKERING,1,1
1036,KNEW,1,1
1037,WENT,1,1
1038,BORING,1,1
1041,BUILT,1,1
366,EDUCATION,1,1
371,PARTICIPATING,1,1
374,COMBINES,1,1
376,HOWEVER,1,1
381,REMAIN,1,1
382,HEAVILY,1,1
384,SHARED,1,1
1030,THAT'D,1,1
1021,TAKES,1,1
1025,MBA,1,1
1026,CALIFORNIA,1,1
357,AWARD,1,1
358,HUMANITIES,1,1
360,RECOGNITIONS,1,1
361,EFFORTS,1,1
364,MINOR,1,1
1070,COMPLAIN,1,1
1071,NOBODY,1,1
1073,HOPEFULLY,1,1
1074,ANYWAY,1,1
1076,COMMENTS,1,1
1077,THANKS,1,1
1078,16.,1,1
1079,LEE,1,1
346,TURNED,1,1
353,SCHOOLS,1,1
354,RECEIVED,1,1
356,PRINCIPALS,1,1
1063,HITTING,1,1
1064,ABOVE,1,1
1065,PERFECT,1,1
1068,SLOWER,1,1
325,SACRIFICE,1,1
329,DESIRED,1,1
330,GAMES,1,1
333,BECAME,1,1
340,GROUPS,1,1
341,ENTERING,1,1
343,INCREASES,1,1
345,INTRIGUE,1,1
1050,SORT,1,1
1053,NEAT,1,1
1054,TIDY,1,1
1055,SECTIONS,1,1
1056,FINAL,1,1
1057,APPROXIMATELY,1,1
1059,WRITE,1,1
1060,FIFTY,1,1
1100,STAR,1,1
1101,BABBLING,1,1
1102,BABBLINGS,1,1
1103,SHERRY,1,1
1104,BURCH,1,1
1105,AFRICAN,1,1
1111,TEXAS,1,1
1113,MEDIA,1,1
312,CRUCIAL,1,1
318,COMPETITIVE,1,1
324,WIN,1,1
1093,VIOLIN,1,1
1094,NINE,1,1
1096,BUBBLY,1,1
1097,SHY,1,1
1098,CRAZY,1,1
1092,THAI,1,1
298,MENTIONED,1,1
299,MIDDLE,1,1
300,ELEMENTARY,1,1
303,RADIUS,1,1
305,15-MILE,1,1
307,PLAYING,1,1
311,CHILDHOOD,1,1
1080,CASSIE,1,1
1084,SING,1,1
1085,CLOVER,1,1
1087,GIRLS,1,1
1088,MONG,1,1
1089,DANCED,1,1
1090,PLAYED,1,1
1091,CHINESE,1,1
1130,KATA,1,1
1131,Y,1,1
1133,DOHA,1,1
1135,MATH,1,1
1137,ANYBODY,1,1
1138,DEFINITIONS,1,1
1140,BEHIND,1,1
1141,MEANING,1,1
282,COLORADO,1,1
283,ORIGINALLY,1,1
284,DENVER,1,1
289,SHARING,1,1
1125,RECENT,1,1
1126,ARABIC,1,1
1128,TUTOR,1,1
1129,PRIVATE,1,1
263,REMOVING,1,1
265,REMAINING,1,1
267,OBSTACLES,1,1
269,PAID,1,1
273,LOSE,1,1
279,KERSTIN,1,1
280,FREEMAN,1,1
281,BO'S,1,1
1115,CAPE,1,1
1116,PSYCHOLOGY,1,1
1117,TOWN,1,1
1118,AFRICA,1,1
1120,MASTER'S,1,1
1123,PARENTS,1,1
1124,BEIJING,1,1
262,VACCINATE,1,1
1171,GARDENING,1,1
1173,17,1,1
1174,TRAVELED,1,1
1176,I'D,1,1
1177,DAY-TO-DAY,1,1
1178,STRUCTURED,1,1
1179,LESSONS,1,1
1180,CASUAL,1,1
1163,WIDE,1,1
1164,RANGE,1,1
1165,FRANCE,1,1
1166,SNOWBOARDING,1,1
1167,TRAIL,1,1
1168,RUGBY,1,1
1169,RUNNING,1,1
1170,COOKING,1,1
1152,MEALS,1,1
1153,MCDONALD'S,1,1
1156,LINDY,1,1
1157,UK,1,1
1158,ZEALANDER,1,1
1159,LINGUISTICS,1,1
1160,WORKED,1,1
1161,OVERSEAS,1,1
1143,EXPRESSIONS,1,1
1145,CATCH,1,1
1146,SARCASM,1,1
1147,PREFERENCE,1,1
1148,SARCASTICALLY,1,1
1149,EVER,1,1
1150,MEAL,1,1
1151,EATEN,1,1
1191,MICHELLE,1,1
1192,DUERO,1,1
1200,ATTENTIVE,1,1
1201,TARDINESS,1,1
1202,PREVENT,1,1
1203,ABSENCES,1,1
1204,SPARE,1,1
1207,QUIZZES,1,1
197,NORMAL,1,1
200,FREEDOM,1,1
201,CHOICE,1,1
210,PRESIDENT,1,1
213,ANNOUNCING,1,1
224,EMPLOY,1,1
226,WORKFORCES,1,1
227,FULLY,1,1
239,REQUIRING,1,1
243,CO-WORKERS,1,1
244,REDUCE,1,1
247,INCREASING,1,1
250,BUSINESSES,1,1
253,SIGN,1,1
256,SIGNED,1,1
258,CONTRACTORS,1,1
1182,LISTENER,1,1
1184,YEAH,1,1
1188,DELGENTE,1,1
229,NEGATIVE,1,1
232,TEST,1,1
235,WEEK,1,1
236,BIGGEST,1,1
238,BOTTOM,1,1
1240,BLESS,1,1
1241,SAFE,1,1
1242,KEEP,1,1
1243,GIVES,1,1
1244,IS.COM,1,1
1247,FIXING,1,1
1249,INSPIRE,1,1
1250,MOTIVATE,1,1
1227,SLOWEST,1,1
1230,DELEGATE,1,1
1231,CONSIDERATE,1,1
1233,REGARDING,1,1
1234,MOTHERS,1,1
1235,DILIGENTLY,1,1
1237,ENJOYABLE,1,1
1239,GOD,1,1
1217,PERSONALLY,1,1
1218,FAMILIAR,1,1
1219,FACES,1,1
1220,DELHIENTE,1,1
1221,DILIGENTE,1,1
1223,OUTPUTS,1,1
1224,FACE-TO-FACE,1,1
1225,DUE,1,1
1208,OUTPUT,1,1
1209,ASSIGNMENTS,1,1
1210,LENTE,1,1
1211,DE,1,1
1212,UNDERSTANDABLE,1,1
1213,SHE,1,1
1214,PRESSURE,1,1
1216,CONSULT,1,1
1279,COMPLETE,1,1
1280,DOABLE,1,1
1281,YOUNGEST,1,1
1282,BLESSED,1,1
1283,PAT,1,1
1284,SUTRALI,1,1
165,INTENSIVE,1,1
166,UNITS,1,1
1270,FANTASTIC,1,1
1271,FLEX,1,1
1272,PEP,1,1
1273,PHYSICAL,1,1
1274,INTERACTIONS,1,1
1276,MILE,1,1
1277,WORTH,1,1
1278,DISTANCE,1,1
1259,DIAL,1,1
1260,ALISA,1,1
1261,GRADE,1,1
1262,STEM,1,1
1263,11,1,1
1264,EXPECTATIONS,1,1
1265,YET,1,1
1269,ENTER,1,1
1251,MEDIUM,1,1
1252,GAIN,1,1
1253,KNOWLEDGEABLE,1,1
1254,NETWORK,1,1
1255,STABLE,1,1
1256,AFFORD,1,1
1257,KATRINA,1,1
1258,PIZZOLA,1,1
1296,GIRLFRIEND,1,1
1297,RID,1,1
1298,BENJAMIN,1,1
1299,MAHALA,1,1
1300,WALNUT,1,1
1301,TINY,1,1
1304,8,1,1
1305,PI,1,1
1285,NICKNAME,1,1
1286,BOOM,1,1
1287,UBUNLASTANI,1,1
1289,CAT,1,1
1291,MONDAY,1,1
1292,EIGHTH,1,1
1293,MARCH,1,1
1294,199,1,1
177,STINK,1,1
180,TURNING,1,1
182,POLITICS,1,1
184,SICK,1,1
185,DIE,1,1
186,CAUSING,1,1
189,ALLOW,1,1
190,STAND,1,1
168,LEAVING,1,1
169,ROOM,1,1
170,HEART,1,1
171,PANCREATITIS,1,1
172,ATTACK,1,1
173,CANCER,1,1
174,SUPPORTED,1,1
176,DISTINCT,1,1
1337,SINGING,1,1
1340,ACTING,1,1
1341,HINDI,1,1
1343,TRADITIONAL,1,1
1344,BHOJPURI,1,1
1345,PUNJABI,1,1
1346,PROFILES,1,1
1347,MARIA,1,1
1327,KARISHMA,1,1
1328,PATHAK,1,1
1329,PHAR,1,1
1331,UTTAR,1,1
1332,KHABAD,1,1
1333,FEET,1,1
1334,HEIGHT,1,1
1335,INCHES,1,1
1318,FAT,1,1
1319,MET,1,1
1320,MONTHLY,1,1
1321,NATIONAL,1,1
1322,NEEDS,1,1
1324,COMPLIMENTS,1,1
1325,CUSTOMERS,1,1
1326,FOO,1,1
1306,2.40,1,1
1308,ACTIVITIES,1,1
1310,FACULTY,1,1
1311,AUTHOR,1,1
1312,LEADER,1,1
1313,INTERNSHIP,1,1
1314,ALITA,1,1
1317,DEPART,1,1
1353,MASS,1,1
1355,COMMUNICATIONS,1,1
1356,LYCEUM,1,1
1357,NORTHWESTERN,1,1
1360,SMILES,1,1
1361,LAUGHS,1,1
1362,TEARS,1,1
1363,PRICELESS,1,1
157,UNACCEPTABLE,1,1
158,OVERCROWD,1,1
160,HOSPITALS,1,1
161,ROOMS,1,1
162,OVERRUNNING,1,1
1349,27,1,1
1350,FILIPINO,1,1
1351,MARRIED,1,1
146,AGAINST,1,1
150,MASK,1,1
151,ORDERING,1,1
152,MORGUES,1,1
153,COVEN,1,1
154,DYING,1,1
155,COMMUNITIES,1,1
156,TOTALLY,1,1
1348,GALAN,1,1
133,SHOT,1,1
134,WORSE,1,1
136,MATTERS,1,1
140,UNDERMINE,1,1
141,FIGHT,1,1
142,ACTIVELY,1,1
144,19.,1,1
1398,[APPLAUSE],1,1
1399,MAO,1,1
1400,KEBAYA,1,1
1401,CITY,1,1
1402,MANILA,1,1
1403,NURSING,1,1
1404,FINE,1,1
1405,ADVENTUROUS,1,1
1387,PROFICIENCY,1,1
1388,VARIETIES,1,1
1389,PUBLIC,1,1
1390,STARTED,1,1
1391,ENJOYING,1,1
1392,EASIER,1,1
1395,FRIEND,1,1
1396,SUCCESS,1,1
1377,ALONA,1,1
1379,23,1,1
1380,PREFER,1,1
1382,WESTERN,1,1
1383,MINDANAO,1,1
1384,STATE,1,1
1385,JOINING,1,1
1386,INSTITUTION,1,1
1364,MARY,1,1
1369,USEFUL,1,1
1370,NOTHING,1,1
1371,WORRY,1,1
1372,FEARS,1,1
1374,GUARANTEED,1,1
1375,ASSISTANCE,1,1
1376,LIVELY,1,1
1421,TILE,1,1
1422,HANDLE,1,1
1424,ACCORDING,1,1
1425,CUSTOMIZED,1,1
1426,CONSTANT,1,1
1429,CREATIVE,1,1
1431,TV,1,1
1432,SERIES,1,1
131,FAILED,1,1
1413,GRAPHIC,1,1
1414,4,1,1
1415,BACKGROUNDS,1,1
1416,WALKS,1,1
1417,ADVANCED,1,1
1418,BEGINNER,1,1
1420,ADULTS,1,1
109,CAUSED,1,1
112,UNPRECEDENTED,1,1
114,VACCINATION,1,1
123,AVAILABLE,1,1
125,000,1,1
126,LOCATIONS,1,1
127,NEARLY,1,1
129,STILL,1,1
1406,TRAVELING,1,1
1408,ADAPTING,1,1
1409,SHORT,1,1
1410,ALONG,1,1
1411,FREELANCE,1,1
1412,ARTIST,1,1
101,DEATHBEDS,1,1
105,AMONG,1,1
1463,"MORNING,",1,1
1464,"AFTERNOON,",1,1
1465,TYPICAL,1,1
1466,"""TODAY",1,1
1467,"ABOUT...""",1,1
1468,"""SO",1,1
1469,"PROBLEM?""",1,1
1470,QUESTION.,1,1
1454,THIS:,1,1
1455,SENTENCES?,1,1
1456,SEEN,1,1
1457,THEPRESENTATIONS,1,1
1458,CLICHE,1,1
1460,TOPIC.,1,1
1461,(IF,1,1
1462,YOU),1,1
1442,RELATED,1,1
1443,ART,1,1
1444,GUESS,1,1
1446,PHOTOGRAPHY,1,1
1447,STRIKES,1,1
1448,PRESENTATIONS.,1,1
1451,SLIDE,1,1
1453,WORDS?,1,1
1433,ANIMATION,1,1
1434,JAPANESE,1,1
1435,FOREIGN,1,1
1436,PHOTO,1,1
1437,EDITING,1,1
1438,FALLIBLE,1,1
1440,ANIMALS,1,1
1441,DOGS,1,1
1488,FRAME.,1,1
1490,AGO,1,1
1491,"YEAR,",1,1
1492,"AGO,",1,1
1493,STORIES.,1,1
1494,THEN?,1,1
1496,REAL,1,1
1498,HEARD.,1,1
1477,ADVICE,1,1
1478,ADVISE,1,1
1479,THAT?,1,1
1480,"STORIES,",1,1
1482,FRAME,1,1
1484,FAIRYTALES.,1,1
1485,SUGGEST,1,1
1486,IM',1,1
71,CONTAGIOUS,1,1
72,DELTA,1,1
76,WARN,1,1
78,SUMMER,1,1
79,JULY,1,1
81,LATE,1,1
95,PROTECTION,1,1
98,HOSPITALIZED,1,1
1471,DO?,1,1
1472,ABOUT....,1,1
1473,AUDIENCES,1,1
1474,INTRODUCED,1,1
1475,EITHER,1,1
1476,AGENDA,1,1
69,HIGHLY,1,1
70,VARIANT,1,1
1524,DER,1,1
1525,MICAH,1,1
1526,VON,1,1
1527,NURSE,1,1
1528,MIDWIFE,1,1
1529,PRESTIGIOUS,1,1
1531,INDUSTRY,1,1
1532,3,1,1
1516,PEREZ,1,1
1517,CANADA,1,1
1518,ONTARIO,1,1
1519,BADMINTON,1,1
1520,VOLLEYBALL,1,1
1521,ELDERLY,1,1
1522,LOVING,1,1
1523,HAPPILY,1,1
1507,ARTICLE,1,1
1508,"CUSTOMER,",1,1
1510,"PRESENTATIONS,",1,1
1511,CLEAR,1,1
1512,CRYSTAL,1,1
1513,THEM.,1,1
1514,RACHEL,1,1
1515,TORONTO,1,1
1499,COLLEAGUE.,1,1
1500,LINKING,1,1
1501,CONVERSATION.,1,1
1502,SAYING:,1,1
1503,THIS?,1,1
1504,COMPANY'S,1,1
1505,CONSCIOUS,1,1
1506,"READ,",1,1
1560,CATEGORY,1,1
1561,FREESTYLE,1,1
1562,IDOL,1,1
1563,TALENT,1,1
1564,WORKSHOP,1,1
1565,SELF-TAUGHT,1,1
1567,WILLING,1,1
1568,NEAR,1,1
1551,FURTHERMORE,1,1
1552,APPROACHABLE,1,1
1553,OPEN-MINDED,1,1
1554,UNIQUE,1,1
1555,ACCORDANCE,1,1
1556,16,1,1
1557,TAGALOG,1,1
1559,AUDITION,1,1
1543,EATING,1,1
1544,TRIED,1,1
1545,KIMCHI,1,1
1546,GRISHAM,1,1
1547,FELL,1,1
1548,FOREMOST,1,1
1549,SIS,1,1
1550,CONFORTABLE,1,1
1533,MAN-TO-MAN,1,1
1535,MONOLINGUAL,1,1
1536,WANTS,1,1
1538,ORAL,1,1
1539,USUALLY,1,1
1540,DRAMA,1,1
1541,NOVELS,1,1
1542,JOHN,1,1
1597,65,1,1
1598,12TH,1,1
1599,TECH,1,1
1600,B,1,1
1601,STREAM,1,1
1602,ELECTRICAL,1,1
1603,INSTITUTE,1,1
1604,SAGAR,1,1
1586,BATHROOM,1,1
1587,MADHYA,1,1
1589,STAYING,1,1
1590,PARADISE,1,1
1591,SCHOOLING,1,1
1593,AMLA,1,1
1594,81,1,1
1595,10TH,1,1
1577,SUPPORTIVE,1,1
1578,WONDERFUL,1,1
1580,SEEMS,1,1
1581,VIA,1,1
1582,QUITE,1,1
1583,MISS,1,1
1584,ASTHA,1,1
1585,PANDOLE,1,1
1569,BIRTH,1,1
1570,MARILYN,1,1
1571,2014,1,1
1572,THAILAND,1,1
1573,KOREA,1,1
1574,HOUR,1,1
1575,FLUENTLY,1,1
1576,ACTIVE,1,1
1630,TRANSMISSION,1,1
1631,IIT,1,1
1632,NPTEL,1,1
1633,CERTIFIED,1,1
1634,MADRAS,1,1
1635,MACHINE,1,1
1636,ACHIEVED,1,1
37,BLUE-COLLAR,1,1
1622,GOVIND,1,1
1623,CENTER,1,1
1624,PURA,1,1
1625,ACADEMIES,1,1
1626,AUTOMATION,1,1
1627,ESP32,1,1
1628,WIRELESS,1,1
1629,ELECTRICITY,1,1
1614,INDUSTRIALLY,1,1
1615,VISIT,1,1
1616,SATPURA,1,1
1617,SANI,1,1
1618,UH,1,1
1619,PLANT,1,1
1620,TRAINED,1,1
1621,DISTRIBUTION,1,1
1605,CGP,1,1
1606,8.15,1,1
1607,SELF-MOTIVATED,1,1
1608,DETERMINED,1,1
1609,TECHNICAL,1,1
1610,PYTHON,1,1
1611,C,1,1
1613,KNOWLEDGE,1,1
2,DINA,1,1
1713,"WAY,",1,1
1714,PLUG,1,1
1715,WAY.,1,1
1716,"MEANTIME,",1,1
1717,WATCH,1,1
1718,CLOSE,1,1
1685,"MONOLOGUE,",1,1
1704,"TODAY,",1,1
1705,WANNA,1,1
1706,LIE,1,1
1707,TALENTS,1,1
1708,PROVIDE?,1,1
1709,"OKAY,",1,1
4,GLUE,1,1
1711,"FORMULA,",1,1
1663,ESTABLISH,1,1
1664,CREDIBILITY.,1,1
1665,DELIVER,1,1
1666,STAGE,1,1
1667,ACKNOWLEDGING,1,1
1701,DESERVES,1,1
1702,UP.,1,1
1703,PROUD,1,1
1654,REPUTED,1,1
1655,EXPERIENCES,1,1
1656,ACKNOWLEDGE,1,1
1657,"PRESENTATION,",1,1
1658,"SPEECH,",1,1
1659,KEYNOTE.,1,1
1661,DIVING,1,1
1662,CONTENT.,1,1
722,FLAG,1,1
726,PROCESS.,1,1
727,RUN,1,1
731,ANSWER.,1,1
732,IDEA,1,1
733,MENTION,1,1
735,SPEAKS,1,1
736,OFFER.,1,1
713,UNREALISTIC,1,1
715,"SEEM,",1,1
716,REALISTIC,1,1
717,HINTS,1,1
718,"ELSEWHERE,",1,1
719,"FUTURE,",1,1
720,RED,1,1
721,FURTHER,1,1
1694,"ELSE,",1,1
1695,WRITING,1,1
1696,"SLEEPING,",1,1
1697,CHOSE,1,1
1699,MOMENT,1,1
1700,ACKNOWLEDGED.,1,1
710,EMPLOYER,1,1
712,PLACE.,1,1
1686,"CONVERSATION,",1,1
1687,DIALOGUE.,1,1
1688,LECTURE.,1,1
1689,TEST.,1,1
1690,HEARTS.,1,1
1691,"YOU,",1,1
1692,IMPACT.,1,1
1693,"ASSIGNMENTS,",1,1
